BenchmarkID,TestName,TestCategory,EngineType,Operation,DurationMs,RowsAffected,Success,CacheHit,Timestamp
1,A,A,mysql,single_permission_check,0.655,0,true,false,2025-12-30T13:45:12+08:00
2,A,A,mysql,single_permission_check,0.549,0,true,false,2025-12-30T13:45:12+08:00
3,A,A,mysql,single_permission_check,0.586,0,true,false,2025-12-30T13:45:12+08:00
4,A,A,mysql,single_permission_check,0.524,0,true,false,2025-12-30T13:45:12+08:00
5,A,A,mysql,single_permission_check,0.604,0,true,false,2025-12-30T13:45:12+08:00
6,A,A,mysql,single_permission_check,0.491,0,true,false,2025-12-30T13:45:12+08:00
7,A,A,mysql,single_permission_check,0.600,0,true,false,2025-12-30T13:45:12+08:00
8,A,A,mysql,single_permission_check,0.547,0,true,false,2025-12-30T13:45:12+08:00
9,A,A,mysql,single_permission_check,0.508,0,true,false,2025-12-30T13:45:12+08:00
10,A,A,mysql,single_permission_check,0.573,0,true,false,2025-12-30T13:45:12+08:00
11,A,A,mysql,single_permission_check,1.904,0,true,false,2025-12-30T13:45:12+08:00
12,A,A,mysql,single_permission_check,1.018,0,true,false,2025-12-30T13:45:12+08:00
13,A,A,mysql,single_permission_check,0.989,0,true,false,2025-12-30T13:45:12+08:00
14,A,A,mysql,single_permission_check,1.428,0,true,false,2025-12-30T13:45:12+08:00
15,A,A,mysql,single_permission_check,0.651,0,true,false,2025-12-30T13:45:12+08:00
16,A,A,mysql,single_permission_check,1.132,0,true,false,2025-12-30T13:45:12+08:00
17,A,A,mysql,single_permission_check,0.476,0,true,false,2025-12-30T13:45:12+08:00
18,A,A,mysql,single_permission_check,0.912,0,true,false,2025-12-30T13:45:12+08:00
19,A,A,mysql,single_permission_check,0.661,0,true,false,2025-12-30T13:45:12+08:00
20,A,A,mysql,single_permission_check,0.721,0,true,false,2025-12-30T13:45:12+08:00
21,A,A,mysql,single_permission_check,0.794,0,true,false,2025-12-30T13:45:12+08:00
22,A,A,mysql,single_permission_check,0.707,0,true,false,2025-12-30T13:45:12+08:00
23,A,A,mysql,single_permission_check,0.809,0,true,false,2025-12-30T13:45:12+08:00
24,A,A,mysql,single_permission_check,0.650,0,true,false,2025-12-30T13:45:12+08:00
25,A,A,mysql,single_permission_check,0.622,0,true,false,2025-12-30T13:45:12+08:00
26,A,A,mysql,single_permission_check,0.915,0,true,false,2025-12-30T13:45:12+08:00
27,A,A,mysql,single_permission_check,0.870,0,true,false,2025-12-30T13:45:12+08:00
28,A,A,mysql,single_permission_check,0.821,0,true,false,2025-12-30T13:45:12+08:00
29,A,A,mysql,single_permission_check,1.039,0,true,false,2025-12-30T13:45:12+08:00
30,A,A,mysql,single_permission_check,0.829,0,true,false,2025-12-30T13:45:12+08:00
31,A,A,mysql,single_permission_check,0.673,0,true,false,2025-12-30T13:45:12+08:00
32,A,A,mysql,single_permission_check,0.706,0,true,false,2025-12-30T13:45:12+08:00
33,A,A,mysql,single_permission_check,0.608,0,true,false,2025-12-30T13:45:12+08:00
34,A,A,mysql,single_permission_check,0.914,0,true,false,2025-12-30T13:45:12+08:00
35,A,A,mysql,single_permission_check,0.733,0,true,false,2025-12-30T13:45:12+08:00
36,A,A,mysql,single_permission_check,0.864,0,true,false,2025-12-30T13:45:12+08:00
37,A,A,mysql,single_permission_check,0.825,0,true,false,2025-12-30T13:45:12+08:00
38,A,A,mysql,single_permission_check,0.712,0,true,false,2025-12-30T13:45:12+08:00
39,A,A,mysql,single_permission_check,0.845,0,true,false,2025-12-30T13:45:12+08:00
40,A,A,mysql,single_permission_check,0.734,0,true,false,2025-12-30T13:45:12+08:00
41,A,A,mysql,single_permission_check,0.686,0,true,false,2025-12-30T13:45:12+08:00
42,A,A,mysql,single_permission_check,0.757,0,true,false,2025-12-30T13:45:12+08:00
43,A,A,mysql,single_permission_check,0.935,0,true,false,2025-12-30T13:45:12+08:00
44,A,A,mysql,single_permission_check,0.721,0,true,false,2025-12-30T13:45:12+08:00
45,A,A,mysql,single_permission_check,0.777,0,true,false,2025-12-30T13:45:12+08:00
46,A,A,mysql,single_permission_check,0.628,0,true,false,2025-12-30T13:45:12+08:00
47,A,A,mysql,single_permission_check,0.748,0,true,false,2025-12-30T13:45:12+08:00
48,A,A,mysql,single_permission_check,0.675,0,true,false,2025-12-30T13:45:12+08:00
49,A,A,mysql,single_permission_check,0.811,0,true,false,2025-12-30T13:45:12+08:00
50,A,A,mysql,single_permission_check,0.815,0,true,false,2025-12-30T13:45:12+08:00
51,A,A,zanzibar_cold,single_permission_check,2.596,0,true,false,2025-12-30T13:45:12+08:00
52,A,A,zanzibar_cold,single_permission_check,1022.033,0,true,false,2025-12-30T13:45:13+08:00
53,A,A,zanzibar_cold,single_permission_check,952.113,0,true,false,2025-12-30T13:45:14+08:00
54,A,A,zanzibar_cold,single_permission_check,1031.279,0,true,false,2025-12-30T13:45:15+08:00
55,A,A,zanzibar_cold,single_permission_check,604.097,0,true,false,2025-12-30T13:45:16+08:00
56,A,A,zanzibar_cold,single_permission_check,853.821,0,true,false,2025-12-30T13:45:17+08:00
57,A,A,zanzibar_cold,single_permission_check,485.256,0,true,false,2025-12-30T13:45:17+08:00
58,A,A,zanzibar_cold,single_permission_check,763.174,0,true,false,2025-12-30T13:45:18+08:00
59,A,A,zanzibar_cold,single_permission_check,896.586,0,true,false,2025-12-30T13:45:19+08:00
60,A,A,zanzibar_cold,single_permission_check,856.823,0,true,false,2025-12-30T13:45:20+08:00
61,A,A,zanzibar_cold,single_permission_check,811.184,0,true,false,2025-12-30T13:45:21+08:00
62,A,A,zanzibar_cold,single_permission_check,840.396,0,true,false,2025-12-30T13:45:22+08:00
63,A,A,zanzibar_cold,single_permission_check,822.301,0,true,false,2025-12-30T13:45:22+08:00
64,A,A,zanzibar_cold,single_permission_check,1049.322,0,true,false,2025-12-30T13:45:23+08:00
65,A,A,zanzibar_cold,single_permission_check,815.415,0,true,false,2025-12-30T13:45:24+08:00
66,A,A,zanzibar_cold,single_permission_check,869.329,0,true,false,2025-12-30T13:45:25+08:00
67,A,A,zanzibar_cold,single_permission_check,692.906,0,true,false,2025-12-30T13:45:26+08:00
68,A,A,zanzibar_cold,single_permission_check,2.315,0,true,false,2025-12-30T13:45:26+08:00
69,A,A,zanzibar_cold,single_permission_check,768.694,0,true,false,2025-12-30T13:45:27+08:00
70,A,A,zanzibar_cold,single_permission_check,754.077,0,true,false,2025-12-30T13:45:27+08:00
71,A,A,zanzibar_cold,single_permission_check,688.094,0,true,false,2025-12-30T13:45:28+08:00
72,A,A,zanzibar_cold,single_permission_check,713.415,0,true,false,2025-12-30T13:45:29+08:00
73,A,A,zanzibar_cold,single_permission_check,725.793,0,true,false,2025-12-30T13:45:29+08:00
74,A,A,zanzibar_cold,single_permission_check,757.437,0,true,false,2025-12-30T13:45:30+08:00
75,A,A,zanzibar_cold,single_permission_check,799.704,0,true,false,2025-12-30T13:45:31+08:00
76,A,A,zanzibar_warm,single_permission_check,0.001,0,true,false,2025-12-30T13:45:31+08:00
77,A,A,zanzibar_warm,single_permission_check,0.002,0,true,false,2025-12-30T13:45:31+08:00
78,A,A,zanzibar_warm,single_permission_check,0.001,0,true,false,2025-12-30T13:45:31+08:00
79,A,A,zanzibar_warm,single_permission_check,0.000,0,true,false,2025-12-30T13:45:31+08:00
80,A,A,zanzibar_warm,single_permission_check,0.000,0,true,false,2025-12-30T13:45:31+08:00
81,A,A,zanzibar_warm,single_permission_check,0.000,0,true,false,2025-12-30T13:45:31+08:00
82,A,A,zanzibar_warm,single_permission_check,0.000,0,true,false,2025-12-30T13:45:31+08:00
83,A,A,zanzibar_warm,single_permission_check,0.000,0,true,false,2025-12-30T13:45:31+08:00
84,A,A,zanzibar_warm,single_permission_check,0.000,0,true,false,2025-12-30T13:45:31+08:00
85,A,A,zanzibar_warm,single_permission_check,0.000,0,true,false,2025-12-30T13:45:31+08:00
86,A,A,zanzibar_warm,single_permission_check,0.000,0,true,false,2025-12-30T13:45:31+08:00
87,A,A,zanzibar_warm,single_permission_check,0.000,0,true,false,2025-12-30T13:45:31+08:00
88,A,A,zanzibar_warm,single_permission_check,0.000,0,true,false,2025-12-30T13:45:31+08:00
89,A,A,zanzibar_warm,single_permission_check,0.000,0,true,false,2025-12-30T13:45:31+08:00
90,A,A,zanzibar_warm,single_permission_check,0.000,0,true,false,2025-12-30T13:45:31+08:00
91,A,A,zanzibar_warm,single_permission_check,0.001,0,true,false,2025-12-30T13:45:31+08:00
92,A,A,zanzibar_warm,single_permission_check,0.000,0,true,false,2025-12-30T13:45:31+08:00
93,A,A,zanzibar_warm,single_permission_check,0.000,0,true,false,2025-12-30T13:45:31+08:00
94,A,A,zanzibar_warm,single_permission_check,0.000,0,true,false,2025-12-30T13:45:31+08:00
95,A,A,zanzibar_warm,single_permission_check,0.000,0,true,false,2025-12-30T13:45:31+08:00
96,A,A,zanzibar_warm,single_permission_check,0.000,0,true,false,2025-12-30T13:45:31+08:00
97,A,A,zanzibar_warm,single_permission_check,0.000,0,true,false,2025-12-30T13:45:31+08:00
98,A,A,zanzibar_warm,single_permission_check,0.000,0,true,false,2025-12-30T13:45:31+08:00
99,A,A,zanzibar_warm,single_permission_check,0.000,0,true,false,2025-12-30T13:45:31+08:00
100,A,A,zanzibar_warm,single_permission_check,0.000,0,true,false,2025-12-30T13:45:31+08:00
101,B,B,mysql,batch_permission_check_50,4.509,0,true,false,2025-12-30T13:51:20+08:00
102,B,B,mysql,batch_permission_check_50,3.470,0,true,false,2025-12-30T13:51:20+08:00
103,B,B,mysql,batch_permission_check_50,3.426,0,true,false,2025-12-30T13:51:20+08:00
104,B,B,mysql,batch_permission_check_50,2.984,0,true,false,2025-12-30T13:51:20+08:00
105,B,B,mysql,batch_permission_check_50,2.871,0,true,false,2025-12-30T13:51:20+08:00
106,B,B,mysql,batch_permission_check_50,3.224,0,true,false,2025-12-30T13:51:20+08:00
107,B,B,mysql,batch_permission_check_50,2.583,0,true,false,2025-12-30T13:51:20+08:00
108,B,B,mysql,batch_permission_check_50,3.446,0,true,false,2025-12-30T13:51:20+08:00
109,B,B,mysql,batch_permission_check_50,3.366,0,true,false,2025-12-30T13:51:20+08:00
110,B,B,mysql,batch_permission_check_50,3.054,0,true,false,2025-12-30T13:51:20+08:00
111,B,B,mysql,batch_permission_check_50,2.540,0,true,false,2025-12-30T13:51:20+08:00
112,B,B,mysql,batch_permission_check_50,3.207,0,true,false,2025-12-30T13:51:20+08:00
113,B,B,mysql,batch_permission_check_50,2.315,0,true,false,2025-12-30T13:51:20+08:00
114,B,B,mysql,batch_permission_check_50,2.333,0,true,false,2025-12-30T13:51:20+08:00
115,B,B,mysql,batch_permission_check_50,2.300,0,true,false,2025-12-30T13:51:20+08:00
116,B,B,mysql,batch_permission_check_50,2.668,0,true,false,2025-12-30T13:51:20+08:00
117,B,B,mysql,batch_permission_check_50,3.232,0,true,false,2025-12-30T13:51:20+08:00
118,B,B,mysql,batch_permission_check_50,2.774,0,true,false,2025-12-30T13:51:20+08:00
119,B,B,mysql,batch_permission_check_50,2.287,0,true,false,2025-12-30T13:51:20+08:00
120,B,B,mysql,batch_permission_check_50,2.383,0,true,false,2025-12-30T13:51:20+08:00
121,B,B,mysql,batch_permission_check_50,3.374,0,true,false,2025-12-30T13:51:20+08:00
122,B,B,mysql,batch_permission_check_50,2.591,0,true,false,2025-12-30T13:51:20+08:00
123,B,B,mysql,batch_permission_check_50,2.410,0,true,false,2025-12-30T13:51:20+08:00
124,B,B,mysql,batch_permission_check_50,2.327,0,true,false,2025-12-30T13:51:20+08:00
125,B,B,mysql,batch_permission_check_50,2.650,0,true,false,2025-12-30T13:51:20+08:00
126,B,B,mysql,batch_permission_check_50,2.188,0,true,false,2025-12-30T13:51:20+08:00
127,B,B,mysql,batch_permission_check_50,2.907,0,true,false,2025-12-30T13:51:20+08:00
128,B,B,mysql,batch_permission_check_50,3.236,0,true,false,2025-12-30T13:51:20+08:00
129,B,B,mysql,batch_permission_check_50,3.123,0,true,false,2025-12-30T13:51:20+08:00
130,B,B,mysql,batch_permission_check_50,2.700,0,true,false,2025-12-30T13:51:20+08:00
131,B,B,mysql,batch_permission_check_50,3.302,0,true,false,2025-12-30T13:51:20+08:00
132,B,B,mysql,batch_permission_check_50,2.735,0,true,false,2025-12-30T13:51:20+08:00
133,B,B,mysql,batch_permission_check_50,2.253,0,true,false,2025-12-30T13:51:20+08:00
134,B,B,mysql,batch_permission_check_50,2.933,0,true,false,2025-12-30T13:51:20+08:00
135,B,B,mysql,batch_permission_check_50,2.467,0,true,false,2025-12-30T13:51:20+08:00
136,B,B,mysql,batch_permission_check_50,3.378,0,true,false,2025-12-30T13:51:20+08:00
137,B,B,mysql,batch_permission_check_50,2.394,0,true,false,2025-12-30T13:51:20+08:00
138,B,B,mysql,batch_permission_check_50,5.386,0,true,false,2025-12-30T13:51:20+08:00
139,B,B,mysql,batch_permission_check_50,2.349,0,true,false,2025-12-30T13:51:20+08:00
140,B,B,mysql,batch_permission_check_50,2.706,0,true,false,2025-12-30T13:51:20+08:00
141,B,B,mysql,batch_permission_check_50,2.446,0,true,false,2025-12-30T13:51:20+08:00
142,B,B,mysql,batch_permission_check_50,2.293,0,true,false,2025-12-30T13:51:20+08:00
143,B,B,mysql,batch_permission_check_50,2.388,0,true,false,2025-12-30T13:51:20+08:00
144,B,B,mysql,batch_permission_check_50,3.406,0,true,false,2025-12-30T13:51:20+08:00
145,B,B,mysql,batch_permission_check_50,3.336,0,true,false,2025-12-30T13:51:20+08:00
146,B,B,mysql,batch_permission_check_50,2.531,0,true,false,2025-12-30T13:51:20+08:00
147,B,B,mysql,batch_permission_check_50,3.304,0,true,false,2025-12-30T13:51:20+08:00
148,B,B,mysql,batch_permission_check_50,2.569,0,true,false,2025-12-30T13:51:20+08:00
149,B,B,mysql,batch_permission_check_50,2.291,0,true,false,2025-12-30T13:51:20+08:00
150,B,B,mysql,batch_permission_check_50,2.470,0,true,false,2025-12-30T13:51:20+08:00
151,B,B,mysql,batch_permission_check_50,2.489,0,true,false,2025-12-30T13:51:20+08:00
152,B,B,mysql,batch_permission_check_50,3.377,0,true,false,2025-12-30T13:51:20+08:00
153,B,B,mysql,batch_permission_check_50,2.223,0,true,false,2025-12-30T13:51:20+08:00
154,B,B,mysql,batch_permission_check_50,3.106,0,true,false,2025-12-30T13:51:20+08:00
155,B,B,mysql,batch_permission_check_50,3.017,0,true,false,2025-12-30T13:51:20+08:00
156,B,B,mysql,batch_permission_check_50,2.889,0,true,false,2025-12-30T13:51:20+08:00
157,B,B,mysql,batch_permission_check_50,2.490,0,true,false,2025-12-30T13:51:20+08:00
158,B,B,mysql,batch_permission_check_50,2.302,0,true,false,2025-12-30T13:51:20+08:00
159,B,B,mysql,batch_permission_check_50,3.268,0,true,false,2025-12-30T13:51:20+08:00
160,B,B,mysql,batch_permission_check_50,3.133,0,true,false,2025-12-30T13:51:20+08:00
161,B,B,mysql,batch_permission_check_50,2.471,0,true,false,2025-12-30T13:51:20+08:00
162,B,B,mysql,batch_permission_check_50,2.981,0,true,false,2025-12-30T13:51:20+08:00
163,B,B,mysql,batch_permission_check_50,2.598,0,true,false,2025-12-30T13:51:20+08:00
164,B,B,mysql,batch_permission_check_50,3.039,0,true,false,2025-12-30T13:51:21+08:00
165,B,B,mysql,batch_permission_check_50,2.548,0,true,false,2025-12-30T13:51:21+08:00
166,B,B,mysql,batch_permission_check_50,2.678,0,true,false,2025-12-30T13:51:21+08:00
167,B,B,mysql,batch_permission_check_50,3.026,0,true,false,2025-12-30T13:51:21+08:00
168,B,B,mysql,batch_permission_check_50,2.901,0,true,false,2025-12-30T13:51:21+08:00
169,B,B,mysql,batch_permission_check_50,2.613,0,true,false,2025-12-30T13:51:21+08:00
170,B,B,mysql,batch_permission_check_50,2.539,0,true,false,2025-12-30T13:51:21+08:00
171,B,B,mysql,batch_permission_check_50,5.062,0,true,false,2025-12-30T13:51:21+08:00
172,B,B,mysql,batch_permission_check_50,2.466,0,true,false,2025-12-30T13:51:21+08:00
173,B,B,mysql,batch_permission_check_50,2.906,0,true,false,2025-12-30T13:51:21+08:00
174,B,B,mysql,batch_permission_check_50,3.397,0,true,false,2025-12-30T13:51:21+08:00
175,B,B,mysql,batch_permission_check_50,4.638,0,true,false,2025-12-30T13:51:21+08:00
176,B,B,mysql,batch_permission_check_50,3.764,0,true,false,2025-12-30T13:51:21+08:00
177,B,B,mysql,batch_permission_check_50,3.148,0,true,false,2025-12-30T13:51:21+08:00
178,B,B,mysql,batch_permission_check_50,2.180,0,true,false,2025-12-30T13:51:21+08:00
179,B,B,mysql,batch_permission_check_50,3.014,0,true,false,2025-12-30T13:51:21+08:00
180,B,B,mysql,batch_permission_check_50,3.219,0,true,false,2025-12-30T13:51:21+08:00
181,B,B,mysql,batch_permission_check_50,4.903,0,true,false,2025-12-30T13:51:21+08:00
182,B,B,mysql,batch_permission_check_50,2.702,0,true,false,2025-12-30T13:51:21+08:00
183,B,B,mysql,batch_permission_check_50,2.696,0,true,false,2025-12-30T13:51:21+08:00
184,B,B,mysql,batch_permission_check_50,3.790,0,true,false,2025-12-30T13:51:21+08:00
185,B,B,mysql,batch_permission_check_50,2.552,0,true,false,2025-12-30T13:51:21+08:00
186,B,B,mysql,batch_permission_check_50,2.383,0,true,false,2025-12-30T13:51:21+08:00
187,B,B,mysql,batch_permission_check_50,2.456,0,true,false,2025-12-30T13:51:21+08:00
188,B,B,mysql,batch_permission_check_50,2.693,0,true,false,2025-12-30T13:51:21+08:00
189,B,B,mysql,batch_permission_check_50,3.067,0,true,false,2025-12-30T13:51:21+08:00
190,B,B,mysql,batch_permission_check_50,2.839,0,true,false,2025-12-30T13:51:21+08:00
191,B,B,mysql,batch_permission_check_50,3.106,0,true,false,2025-12-30T13:51:21+08:00
192,B,B,mysql,batch_permission_check_50,3.479,0,true,false,2025-12-30T13:51:21+08:00
193,B,B,mysql,batch_permission_check_50,2.854,0,true,false,2025-12-30T13:51:21+08:00
194,B,B,mysql,batch_permission_check_50,2.862,0,true,false,2025-12-30T13:51:21+08:00
195,B,B,mysql,batch_permission_check_50,3.139,0,true,false,2025-12-30T13:51:21+08:00
196,B,B,mysql,batch_permission_check_50,3.341,0,true,false,2025-12-30T13:51:21+08:00
197,B,B,mysql,batch_permission_check_50,2.608,0,true,false,2025-12-30T13:51:21+08:00
198,B,B,mysql,batch_permission_check_50,3.358,0,true,false,2025-12-30T13:51:21+08:00
199,B,B,mysql,batch_permission_check_50,2.651,0,true,false,2025-12-30T13:51:21+08:00
200,B,B,mysql,batch_permission_check_50,3.261,0,true,false,2025-12-30T13:51:21+08:00
201,B,B,zanzibar,batch_permission_check_50,6171.482,0,true,false,2025-12-30T13:51:27+08:00
202,B,B,zanzibar,batch_permission_check_50,40187.464,0,true,false,2025-12-30T13:52:07+08:00
203,B,B,zanzibar,batch_permission_check_50,41098.217,0,true,false,2025-12-30T13:52:48+08:00
204,B,B,zanzibar,batch_permission_check_50,40951.908,0,true,false,2025-12-30T13:53:29+08:00
205,B,B,zanzibar,batch_permission_check_50,39920.698,0,true,false,2025-12-30T13:54:09+08:00
206,B,B,zanzibar,batch_permission_check_50,41422.435,0,true,false,2025-12-30T13:54:50+08:00
207,B,B,zanzibar,batch_permission_check_50,42241.533,0,true,false,2025-12-30T13:55:33+08:00
208,B,B,zanzibar,batch_permission_check_50,37464.753,0,true,false,2025-12-30T13:56:10+08:00
209,B,B,zanzibar,batch_permission_check_50,43734.413,0,true,false,2025-12-30T13:56:54+08:00
210,B,B,zanzibar,batch_permission_check_50,42007.922,0,true,false,2025-12-30T13:57:36+08:00
211,B,B,zanzibar,batch_permission_check_50,0.050,0,true,false,2025-12-30T13:57:36+08:00
212,B,B,zanzibar,batch_permission_check_50,0.035,0,true,false,2025-12-30T13:57:36+08:00
213,B,B,zanzibar,batch_permission_check_50,0.032,0,true,false,2025-12-30T13:57:36+08:00
214,B,B,zanzibar,batch_permission_check_50,0.031,0,true,false,2025-12-30T13:57:36+08:00
215,B,B,zanzibar,batch_permission_check_50,0.032,0,true,false,2025-12-30T13:57:36+08:00
216,B,B,zanzibar,batch_permission_check_50,0.030,0,true,false,2025-12-30T13:57:36+08:00
217,B,B,zanzibar,batch_permission_check_50,0.032,0,true,false,2025-12-30T13:57:36+08:00
218,B,B,zanzibar,batch_permission_check_50,0.028,0,true,false,2025-12-30T13:57:36+08:00
219,B,B,zanzibar,batch_permission_check_50,0.028,0,true,false,2025-12-30T13:57:36+08:00
220,B,B,zanzibar,batch_permission_check_50,0.029,0,true,false,2025-12-30T13:57:36+08:00
221,B,B,zanzibar,batch_permission_check_50,0.022,0,true,false,2025-12-30T13:57:36+08:00
222,B,B,zanzibar,batch_permission_check_50,0.036,0,true,false,2025-12-30T13:57:36+08:00
223,B,B,zanzibar,batch_permission_check_50,0.025,0,true,false,2025-12-30T13:57:36+08:00
224,B,B,zanzibar,batch_permission_check_50,0.023,0,true,false,2025-12-30T13:57:36+08:00
225,B,B,zanzibar,batch_permission_check_50,0.023,0,true,false,2025-12-30T13:57:36+08:00
226,B,B,zanzibar,batch_permission_check_50,0.023,0,true,false,2025-12-30T13:57:36+08:00
227,B,B,zanzibar,batch_permission_check_50,0.024,0,true,false,2025-12-30T13:57:36+08:00
228,B,B,zanzibar,batch_permission_check_50,0.024,0,true,false,2025-12-30T13:57:36+08:00
229,B,B,zanzibar,batch_permission_check_50,0.023,0,true,false,2025-12-30T13:57:36+08:00
230,B,B,zanzibar,batch_permission_check_50,0.023,0,true,false,2025-12-30T13:57:36+08:00
231,B,B,zanzibar,batch_permission_check_50,0.022,0,true,false,2025-12-30T13:57:36+08:00
232,B,B,zanzibar,batch_permission_check_50,0.027,0,true,false,2025-12-30T13:57:36+08:00
233,B,B,zanzibar,batch_permission_check_50,0.023,0,true,false,2025-12-30T13:57:36+08:00
234,B,B,zanzibar,batch_permission_check_50,0.022,0,true,false,2025-12-30T13:57:36+08:00
235,B,B,zanzibar,batch_permission_check_50,0.023,0,true,false,2025-12-30T13:57:36+08:00
236,B,B,zanzibar,batch_permission_check_50,0.023,0,true,false,2025-12-30T13:57:36+08:00
237,B,B,zanzibar,batch_permission_check_50,0.023,0,true,false,2025-12-30T13:57:36+08:00
238,B,B,zanzibar,batch_permission_check_50,0.023,0,true,false,2025-12-30T13:57:36+08:00
239,B,B,zanzibar,batch_permission_check_50,0.022,0,true,false,2025-12-30T13:57:36+08:00
240,B,B,zanzibar,batch_permission_check_50,0.023,0,true,false,2025-12-30T13:57:36+08:00
241,B,B,zanzibar,batch_permission_check_50,0.022,0,true,false,2025-12-30T13:57:36+08:00
242,B,B,zanzibar,batch_permission_check_50,0.023,0,true,false,2025-12-30T13:57:36+08:00
243,B,B,zanzibar,batch_permission_check_50,0.023,0,true,false,2025-12-30T13:57:36+08:00
244,B,B,zanzibar,batch_permission_check_50,0.023,0,true,false,2025-12-30T13:57:36+08:00
245,B,B,zanzibar,batch_permission_check_50,0.023,0,true,false,2025-12-30T13:57:36+08:00
246,B,B,zanzibar,batch_permission_check_50,0.023,0,true,false,2025-12-30T13:57:36+08:00
247,B,B,zanzibar,batch_permission_check_50,0.039,0,true,false,2025-12-30T13:57:36+08:00
248,B,B,zanzibar,batch_permission_check_50,0.022,0,true,false,2025-12-30T13:57:36+08:00
249,B,B,zanzibar,batch_permission_check_50,0.023,0,true,false,2025-12-30T13:57:36+08:00
250,B,B,zanzibar,batch_permission_check_50,0.023,0,true,false,2025-12-30T13:57:36+08:00
251,B,B,zanzibar,batch_permission_check_50,0.022,0,true,false,2025-12-30T13:57:36+08:00
252,B,B,zanzibar,batch_permission_check_50,0.022,0,true,false,2025-12-30T13:57:36+08:00
253,B,B,zanzibar,batch_permission_check_50,0.023,0,true,false,2025-12-30T13:57:36+08:00
254,B,B,zanzibar,batch_permission_check_50,0.022,0,true,false,2025-12-30T13:57:36+08:00
255,B,B,zanzibar,batch_permission_check_50,0.022,0,true,false,2025-12-30T13:57:36+08:00
256,B,B,zanzibar,batch_permission_check_50,0.037,0,true,false,2025-12-30T13:57:36+08:00
257,B,B,zanzibar,batch_permission_check_50,0.022,0,true,false,2025-12-30T13:57:36+08:00
258,B,B,zanzibar,batch_permission_check_50,0.024,0,true,false,2025-12-30T13:57:36+08:00
259,B,B,zanzibar,batch_permission_check_50,0.023,0,true,false,2025-12-30T13:57:36+08:00
260,B,B,zanzibar,batch_permission_check_50,0.023,0,true,false,2025-12-30T13:57:36+08:00
261,B,B,zanzibar,batch_permission_check_50,0.021,0,true,false,2025-12-30T13:57:36+08:00
262,B,B,zanzibar,batch_permission_check_50,0.021,0,true,false,2025-12-30T13:57:36+08:00
263,B,B,zanzibar,batch_permission_check_50,0.022,0,true,false,2025-12-30T13:57:36+08:00
264,B,B,zanzibar,batch_permission_check_50,0.022,0,true,false,2025-12-30T13:57:36+08:00
265,B,B,zanzibar,batch_permission_check_50,0.022,0,true,false,2025-12-30T13:57:36+08:00
266,B,B,zanzibar,batch_permission_check_50,0.023,0,true,false,2025-12-30T13:57:36+08:00
267,B,B,zanzibar,batch_permission_check_50,0.022,0,true,false,2025-12-30T13:57:36+08:00
268,B,B,zanzibar,batch_permission_check_50,0.021,0,true,false,2025-12-30T13:57:36+08:00
269,B,B,zanzibar,batch_permission_check_50,0.021,0,true,false,2025-12-30T13:57:36+08:00
270,B,B,zanzibar,batch_permission_check_50,0.022,0,true,false,2025-12-30T13:57:36+08:00
271,B,B,zanzibar,batch_permission_check_50,0.030,0,true,false,2025-12-30T13:57:36+08:00
272,B,B,zanzibar,batch_permission_check_50,0.021,0,true,false,2025-12-30T13:57:36+08:00
273,B,B,zanzibar,batch_permission_check_50,0.022,0,true,false,2025-12-30T13:57:36+08:00
274,B,B,zanzibar,batch_permission_check_50,0.022,0,true,false,2025-12-30T13:57:36+08:00
275,B,B,zanzibar,batch_permission_check_50,0.022,0,true,false,2025-12-30T13:57:36+08:00
276,B,B,zanzibar,batch_permission_check_50,0.024,0,true,false,2025-12-30T13:57:36+08:00
277,B,B,zanzibar,batch_permission_check_50,0.023,0,true,false,2025-12-30T13:57:36+08:00
278,B,B,zanzibar,batch_permission_check_50,0.022,0,true,false,2025-12-30T13:57:36+08:00
279,B,B,zanzibar,batch_permission_check_50,0.026,0,true,false,2025-12-30T13:57:36+08:00
280,B,B,zanzibar,batch_permission_check_50,0.027,0,true,false,2025-12-30T13:57:36+08:00
281,B,B,zanzibar,batch_permission_check_50,0.022,0,true,false,2025-12-30T13:57:36+08:00
282,B,B,zanzibar,batch_permission_check_50,0.022,0,true,false,2025-12-30T13:57:36+08:00
283,B,B,zanzibar,batch_permission_check_50,0.023,0,true,false,2025-12-30T13:57:36+08:00
284,B,B,zanzibar,batch_permission_check_50,0.023,0,true,false,2025-12-30T13:57:36+08:00
285,B,B,zanzibar,batch_permission_check_50,0.022,0,true,false,2025-12-30T13:57:36+08:00
286,B,B,zanzibar,batch_permission_check_50,0.022,0,true,false,2025-12-30T13:57:36+08:00
287,B,B,zanzibar,batch_permission_check_50,0.025,0,true,false,2025-12-30T13:57:36+08:00
288,B,B,zanzibar,batch_permission_check_50,0.022,0,true,false,2025-12-30T13:57:36+08:00
289,B,B,zanzibar,batch_permission_check_50,0.038,0,true,false,2025-12-30T13:57:36+08:00
290,B,B,zanzibar,batch_permission_check_50,0.025,0,true,false,2025-12-30T13:57:36+08:00
291,B,B,zanzibar,batch_permission_check_50,0.022,0,true,false,2025-12-30T13:57:36+08:00
292,B,B,zanzibar,batch_permission_check_50,0.023,0,true,false,2025-12-30T13:57:36+08:00
293,B,B,zanzibar,batch_permission_check_50,0.023,0,true,false,2025-12-30T13:57:36+08:00
294,B,B,zanzibar,batch_permission_check_50,0.029,0,true,false,2025-12-30T13:57:36+08:00
295,B,B,zanzibar,batch_permission_check_50,0.032,0,true,false,2025-12-30T13:57:36+08:00
296,B,B,zanzibar,batch_permission_check_50,0.023,0,true,false,2025-12-30T13:57:36+08:00
297,B,B,zanzibar,batch_permission_check_50,0.026,0,true,false,2025-12-30T13:57:36+08:00
298,B,B,zanzibar,batch_permission_check_50,0.022,0,true,false,2025-12-30T13:57:36+08:00
299,B,B,zanzibar,batch_permission_check_50,0.022,0,true,false,2025-12-30T13:57:36+08:00
300,B,B,zanzibar,batch_permission_check_50,0.022,0,true,false,2025-12-30T13:57:36+08:00
301,C,C,mysql,user_document_list_page1,48.422,0,true,false,2025-12-30T13:57:38+08:00
302,C,C,mysql,user_document_list_page1,660.431,0,true,false,2025-12-30T13:57:39+08:00
303,C,C,mysql,user_document_list_page1,53.657,0,true,false,2025-12-30T13:57:39+08:00
304,C,C,mysql,user_document_list_page1,64.222,0,true,false,2025-12-30T13:57:39+08:00
305,C,C,mysql,user_document_list_page1,66.737,0,true,false,2025-12-30T13:57:39+08:00
306,C,C,mysql,user_document_list_page1,65.953,0,true,false,2025-12-30T13:57:39+08:00
307,C,C,mysql,user_document_list_page1,63.043,0,true,false,2025-12-30T13:57:39+08:00
308,C,C,mysql,user_document_list_page1,69.797,0,true,false,2025-12-30T13:57:39+08:00
309,C,C,mysql,user_document_list_page1,64.554,0,true,false,2025-12-30T13:57:39+08:00
310,C,C,mysql,user_document_list_page1,65.499,0,true,false,2025-12-30T13:57:39+08:00
311,C,C,mysql,user_document_list_page1,82.616,0,true,false,2025-12-30T13:57:40+08:00
312,C,C,mysql,user_document_list_page1,84.215,0,true,false,2025-12-30T13:57:40+08:00
313,C,C,mysql,user_document_list_page1,76.338,0,true,false,2025-12-30T13:57:40+08:00
314,C,C,mysql,user_document_list_page1,83.162,0,true,false,2025-12-30T13:57:40+08:00
315,C,C,mysql,user_document_list_page1,82.009,0,true,false,2025-12-30T13:57:40+08:00
316,C,C,mysql,user_document_list_page1,76.455,0,true,false,2025-12-30T13:57:40+08:00
317,C,C,mysql,user_document_list_page1,76.918,0,true,false,2025-12-30T13:57:40+08:00
318,C,C,mysql,user_document_list_page1,83.552,0,true,false,2025-12-30T13:57:40+08:00
319,C,C,mysql,user_document_list_page1,80.064,0,true,false,2025-12-30T13:57:40+08:00
320,C,C,mysql,user_document_list_page1,84.345,0,true,false,2025-12-30T13:57:40+08:00
321,C,C,mysql,user_document_list_page1,73.056,0,true,false,2025-12-30T13:57:40+08:00
322,C,C,mysql,user_document_list_page1,75.420,0,true,false,2025-12-30T13:57:40+08:00
323,C,C,mysql,user_document_list_page1,84.280,0,true,false,2025-12-30T13:57:41+08:00
324,C,C,mysql,user_document_list_page1,75.648,0,true,false,2025-12-30T13:57:41+08:00
325,C,C,mysql,user_document_list_page1,93.926,0,true,false,2025-12-30T13:57:41+08:00
326,C,C,mysql,user_document_list_page1,85.733,0,true,false,2025-12-30T13:57:41+08:00
327,C,C,mysql,user_document_list_page1,79.201,0,true,false,2025-12-30T13:57:41+08:00
328,C,C,mysql,user_document_list_page1,94.473,0,true,false,2025-12-30T13:57:41+08:00
329,C,C,mysql,user_document_list_page1,87.328,0,true,false,2025-12-30T13:57:41+08:00
330,C,C,mysql,user_document_list_page1,77.567,0,true,false,2025-12-30T13:57:41+08:00
331,C,C,mysql,user_document_list_page1,74.907,0,true,false,2025-12-30T13:57:41+08:00
332,C,C,mysql,user_document_list_page1,82.462,0,true,false,2025-12-30T13:57:41+08:00
333,C,C,mysql,user_document_list_page1,92.962,0,true,false,2025-12-30T13:57:41+08:00
334,C,C,mysql,user_document_list_page1,71.653,0,true,false,2025-12-30T13:57:41+08:00
335,C,C,mysql,user_document_list_page1,73.889,0,true,false,2025-12-30T13:57:42+08:00
336,C,C,mysql,user_document_list_page1,71.642,0,true,false,2025-12-30T13:57:42+08:00
337,C,C,mysql,user_document_list_page1,75.296,0,true,false,2025-12-30T13:57:42+08:00
338,C,C,mysql,user_document_list_page1,79.227,0,true,false,2025-12-30T13:57:42+08:00
339,C,C,mysql,user_document_list_page1,70.185,0,true,false,2025-12-30T13:57:42+08:00
340,C,C,mysql,user_document_list_page1,69.730,0,true,false,2025-12-30T13:57:42+08:00
341,C,C,mysql,user_document_list_page1,79.456,0,true,false,2025-12-30T13:57:42+08:00
342,C,C,mysql,user_document_list_page1,83.014,0,true,false,2025-12-30T13:57:42+08:00
343,C,C,mysql,user_document_list_page1,90.497,0,true,false,2025-12-30T13:57:42+08:00
344,C,C,mysql,user_document_list_page1,72.997,0,true,false,2025-12-30T13:57:42+08:00
345,C,C,mysql,user_document_list_page1,69.030,0,true,false,2025-12-30T13:57:42+08:00
346,C,C,mysql,user_document_list_page1,75.560,0,true,false,2025-12-30T13:57:42+08:00
347,C,C,mysql,user_document_list_page1,83.296,0,true,false,2025-12-30T13:57:42+08:00
348,C,C,mysql,user_document_list_page1,75.182,0,true,false,2025-12-30T13:57:43+08:00
349,C,C,mysql,user_document_list_page1,73.432,0,true,false,2025-12-30T13:57:43+08:00
350,C,C,mysql,user_document_list_page1,76.743,0,true,false,2025-12-30T13:57:43+08:00
351,C,C,zanzibar,user_document_list_page1,1.425,0,true,false,2025-12-30T13:57:43+08:00
352,C,C,zanzibar,user_document_list_page1,1.192,0,true,false,2025-12-30T13:57:43+08:00
353,C,C,zanzibar,user_document_list_page1,1.198,0,true,false,2025-12-30T13:57:43+08:00
354,C,C,zanzibar,user_document_list_page1,3.103,0,true,false,2025-12-30T13:57:43+08:00
355,C,C,zanzibar,user_document_list_page1,1.214,0,true,false,2025-12-30T13:57:43+08:00
356,C,C,zanzibar,user_document_list_page1,1.166,0,true,false,2025-12-30T13:57:43+08:00
357,C,C,zanzibar,user_document_list_page1,6.531,0,true,false,2025-12-30T13:57:43+08:00
358,C,C,zanzibar,user_document_list_page1,1.127,0,true,false,2025-12-30T13:57:43+08:00
359,C,C,zanzibar,user_document_list_page1,1.591,0,true,false,2025-12-30T13:57:43+08:00
360,C,C,zanzibar,user_document_list_page1,1.354,0,true,false,2025-12-30T13:57:43+08:00
361,C,C,zanzibar,user_document_list_page1,1.462,0,true,false,2025-12-30T13:57:43+08:00
362,C,C,zanzibar,user_document_list_page1,1.157,0,true,false,2025-12-30T13:57:43+08:00
363,C,C,zanzibar,user_document_list_page1,1.205,0,true,false,2025-12-30T13:57:43+08:00
364,C,C,zanzibar,user_document_list_page1,1.191,0,true,false,2025-12-30T13:57:43+08:00
365,C,C,zanzibar,user_document_list_page1,1.229,0,true,false,2025-12-30T13:57:43+08:00
366,C,C,zanzibar,user_document_list_page1,1.191,0,true,false,2025-12-30T13:57:43+08:00
367,C,C,zanzibar,user_document_list_page1,1.249,0,true,false,2025-12-30T13:57:43+08:00
368,C,C,zanzibar,user_document_list_page1,1.169,0,true,false,2025-12-30T13:57:43+08:00
369,C,C,zanzibar,user_document_list_page1,1.173,0,true,false,2025-12-30T13:57:43+08:00
370,C,C,zanzibar,user_document_list_page1,1.170,0,true,false,2025-12-30T13:57:43+08:00
371,C,C,zanzibar,user_document_list_page1,1.095,0,true,false,2025-12-30T13:57:43+08:00
372,C,C,zanzibar,user_document_list_page1,1.160,0,true,false,2025-12-30T13:57:43+08:00
373,C,C,zanzibar,user_document_list_page1,1.106,0,true,false,2025-12-30T13:57:43+08:00
374,C,C,zanzibar,user_document_list_page1,1.080,0,true,false,2025-12-30T13:57:43+08:00
375,C,C,zanzibar,user_document_list_page1,1.134,0,true,false,2025-12-30T13:57:43+08:00
376,C,C,zanzibar,user_document_list_page1,1.241,0,true,false,2025-12-30T13:57:43+08:00
377,C,C,zanzibar,user_document_list_page1,1.131,0,true,false,2025-12-30T13:57:43+08:00
378,C,C,zanzibar,user_document_list_page1,1.234,0,true,false,2025-12-30T13:57:43+08:00
379,C,C,zanzibar,user_document_list_page1,1.309,0,true,false,2025-12-30T13:57:43+08:00
380,C,C,zanzibar,user_document_list_page1,1.315,0,true,false,2025-12-30T13:57:43+08:00
381,C,C,zanzibar,user_document_list_page1,1.260,0,true,false,2025-12-30T13:57:43+08:00
382,C,C,zanzibar,user_document_list_page1,1.363,0,true,false,2025-12-30T13:57:43+08:00
383,C,C,zanzibar,user_document_list_page1,35.488,0,true,false,2025-12-30T13:57:43+08:00
384,C,C,zanzibar,user_document_list_page1,1.204,0,true,false,2025-12-30T13:57:43+08:00
385,C,C,zanzibar,user_document_list_page1,1.329,0,true,false,2025-12-30T13:57:43+08:00
386,C,C,zanzibar,user_document_list_page1,1.273,0,true,false,2025-12-30T13:57:43+08:00
387,C,C,zanzibar,user_document_list_page1,1.319,0,true,false,2025-12-30T13:57:43+08:00
388,C,C,zanzibar,user_document_list_page1,1.565,0,true,false,2025-12-30T13:57:43+08:00
389,C,C,zanzibar,user_document_list_page1,1.257,0,true,false,2025-12-30T13:57:43+08:00
390,C,C,zanzibar,user_document_list_page1,1.558,0,true,false,2025-12-30T13:57:43+08:00
391,C,C,zanzibar,user_document_list_page1,1.465,0,true,false,2025-12-30T13:57:43+08:00
392,C,C,zanzibar,user_document_list_page1,1.332,0,true,false,2025-12-30T13:57:43+08:00
393,C,C,zanzibar,user_document_list_page1,1.482,0,true,false,2025-12-30T13:57:43+08:00
394,C,C,zanzibar,user_document_list_page1,1.152,0,true,false,2025-12-30T13:57:43+08:00
395,C,C,zanzibar,user_document_list_page1,1.301,0,true,false,2025-12-30T13:57:43+08:00
396,C,C,zanzibar,user_document_list_page1,1.281,0,true,false,2025-12-30T13:57:43+08:00
397,C,C,zanzibar,user_document_list_page1,1.228,0,true,false,2025-12-30T13:57:43+08:00
398,C,C,zanzibar,user_document_list_page1,1.455,0,true,false,2025-12-30T13:57:43+08:00
399,C,C,zanzibar,user_document_list_page1,1.253,0,true,false,2025-12-30T13:57:43+08:00
400,C,C,zanzibar,user_document_list_page1,2.449,0,true,false,2025-12-30T13:57:43+08:00
401,D,D,mysql,grant_direct_permission,86.238,1,true,false,2025-12-30T13:57:43+08:00
402,D,D,mysql,grant_direct_permission,2.055,1,true,false,2025-12-30T13:57:43+08:00
403,D,D,mysql,grant_direct_permission,2.082,1,true,false,2025-12-30T13:57:43+08:00
404,D,D,mysql,grant_direct_permission,2.013,1,true,false,2025-12-30T13:57:43+08:00
405,D,D,mysql,grant_direct_permission,2.075,1,true,false,2025-12-30T13:57:43+08:00
406,D,D,mysql,grant_direct_permission,1.929,1,true,false,2025-12-30T13:57:43+08:00
407,D,D,mysql,grant_direct_permission,1.803,1,true,false,2025-12-30T13:57:43+08:00
408,D,D,mysql,grant_direct_permission,1.940,1,true,false,2025-12-30T13:57:43+08:00
409,D,D,mysql,grant_direct_permission,2.075,1,true,false,2025-12-30T13:57:43+08:00
410,D,D,mysql,grant_direct_permission,1.888,1,true,false,2025-12-30T13:57:43+08:00
411,D,D,mysql,grant_direct_permission,2.116,1,true,false,2025-12-30T13:57:43+08:00
412,D,D,mysql,grant_direct_permission,1.973,1,true,false,2025-12-30T13:57:43+08:00
413,D,D,mysql,grant_direct_permission,1.235,1,true,false,2025-12-30T13:57:43+08:00
414,D,D,mysql,grant_direct_permission,1.895,1,true,false,2025-12-30T13:57:43+08:00
415,D,D,mysql,grant_direct_permission,1.968,1,true,false,2025-12-30T13:57:43+08:00
416,D,D,mysql,grant_direct_permission,1.972,1,true,false,2025-12-30T13:57:43+08:00
417,D,D,mysql,grant_direct_permission,1.884,1,true,false,2025-12-30T13:57:43+08:00
418,D,D,mysql,grant_direct_permission,2.221,1,true,false,2025-12-30T13:57:43+08:00
419,D,D,mysql,grant_direct_permission,1.792,1,true,false,2025-12-30T13:57:43+08:00
420,D,D,mysql,grant_direct_permission,1.975,1,true,false,2025-12-30T13:57:43+08:00
421,D,D,mysql,grant_direct_permission,1.972,1,true,false,2025-12-30T13:57:43+08:00
422,D,D,mysql,grant_direct_permission,2.082,1,true,false,2025-12-30T13:57:43+08:00
423,D,D,mysql,grant_direct_permission,2.215,1,true,false,2025-12-30T13:57:43+08:00
424,D,D,mysql,grant_direct_permission,1.693,1,true,false,2025-12-30T13:57:43+08:00
425,D,D,mysql,grant_direct_permission,2.135,1,true,false,2025-12-30T13:57:43+08:00
426,D,D,mysql,grant_direct_permission,2.121,1,true,false,2025-12-30T13:57:43+08:00
427,D,D,mysql,grant_direct_permission,1.804,1,true,false,2025-12-30T13:57:43+08:00
428,D,D,mysql,grant_direct_permission,2.050,1,true,false,2025-12-30T13:57:43+08:00
429,D,D,mysql,grant_direct_permission,2.024,1,true,false,2025-12-30T13:57:43+08:00
430,D,D,mysql,grant_direct_permission,1.954,1,true,false,2025-12-30T13:57:43+08:00
431,D,D,mysql,grant_direct_permission,2.061,1,true,false,2025-12-30T13:57:43+08:00
432,D,D,mysql,grant_direct_permission,1.955,1,true,false,2025-12-30T13:57:43+08:00
433,D,D,mysql,grant_direct_permission,2.046,1,true,false,2025-12-30T13:57:43+08:00
434,D,D,mysql,grant_direct_permission,2.040,1,true,false,2025-12-30T13:57:43+08:00
435,D,D,mysql,grant_direct_permission,1.913,1,true,false,2025-12-30T13:57:43+08:00
436,D,D,mysql,grant_direct_permission,2.097,1,true,false,2025-12-30T13:57:43+08:00
437,D,D,mysql,grant_direct_permission,1.739,1,true,false,2025-12-30T13:57:43+08:00
438,D,D,mysql,grant_direct_permission,1.288,1,true,false,2025-12-30T13:57:43+08:00
439,D,D,mysql,grant_direct_permission,1.848,1,true,false,2025-12-30T13:57:43+08:00
440,D,D,mysql,grant_direct_permission,1.909,1,true,false,2025-12-30T13:57:43+08:00
441,D,D,mysql,grant_direct_permission,2.097,1,true,false,2025-12-30T13:57:43+08:00
442,D,D,mysql,grant_direct_permission,2.073,1,true,false,2025-12-30T13:57:43+08:00
443,D,D,mysql,grant_direct_permission,1.873,1,true,false,2025-12-30T13:57:43+08:00
444,D,D,mysql,grant_direct_permission,2.063,1,true,false,2025-12-30T13:57:43+08:00
445,D,D,mysql,grant_direct_permission,1.998,1,true,false,2025-12-30T13:57:43+08:00
446,D,D,mysql,grant_direct_permission,2.103,1,true,false,2025-12-30T13:57:43+08:00
447,D,D,mysql,grant_direct_permission,2.135,1,true,false,2025-12-30T13:57:43+08:00
448,D,D,mysql,grant_direct_permission,3.994,1,true,false,2025-12-30T13:57:43+08:00
449,D,D,mysql,grant_direct_permission,3.623,1,true,false,2025-12-30T13:57:43+08:00
450,D,D,mysql,grant_direct_permission,3.265,1,true,false,2025-12-30T13:57:43+08:00
451,D,D,zanzibar,grant_direct_permission,4.874,1,true,false,2025-12-30T13:57:43+08:00
452,D,D,zanzibar,grant_direct_permission,2.590,1,true,false,2025-12-30T13:57:43+08:00
453,D,D,zanzibar,grant_direct_permission,2.881,1,true,false,2025-12-30T13:57:43+08:00
454,D,D,zanzibar,grant_direct_permission,2.596,1,true,false,2025-12-30T13:57:43+08:00
455,D,D,zanzibar,grant_direct_permission,3.259,1,true,false,2025-12-30T13:57:43+08:00
456,D,D,zanzibar,grant_direct_permission,3.836,1,true,false,2025-12-30T13:57:43+08:00
457,D,D,zanzibar,grant_direct_permission,2.998,1,true,false,2025-12-30T13:57:43+08:00
458,D,D,zanzibar,grant_direct_permission,2.892,1,true,false,2025-12-30T13:57:43+08:00
459,D,D,zanzibar,grant_direct_permission,3.290,1,true,false,2025-12-30T13:57:43+08:00
460,D,D,zanzibar,grant_direct_permission,2.863,1,true,false,2025-12-30T13:57:43+08:00
461,D,D,zanzibar,grant_direct_permission,2.140,1,true,false,2025-12-30T13:57:43+08:00
462,D,D,zanzibar,grant_direct_permission,2.690,1,true,false,2025-12-30T13:57:43+08:00
463,D,D,zanzibar,grant_direct_permission,1.991,1,true,false,2025-12-30T13:57:43+08:00
464,D,D,zanzibar,grant_direct_permission,2.192,1,true,false,2025-12-30T13:57:43+08:00
465,D,D,zanzibar,grant_direct_permission,2.989,1,true,false,2025-12-30T13:57:43+08:00
466,D,D,zanzibar,grant_direct_permission,2.597,1,true,false,2025-12-30T13:57:43+08:00
467,D,D,zanzibar,grant_direct_permission,2.244,1,true,false,2025-12-30T13:57:43+08:00
468,D,D,zanzibar,grant_direct_permission,3.116,1,true,false,2025-12-30T13:57:43+08:00
469,D,D,zanzibar,grant_direct_permission,2.293,1,true,false,2025-12-30T13:57:43+08:00
470,D,D,zanzibar,grant_direct_permission,2.614,1,true,false,2025-12-30T13:57:43+08:00
471,D,D,zanzibar,grant_direct_permission,2.482,1,true,false,2025-12-30T13:57:43+08:00
472,D,D,zanzibar,grant_direct_permission,2.382,1,true,false,2025-12-30T13:57:43+08:00
473,D,D,zanzibar,grant_direct_permission,2.334,1,true,false,2025-12-30T13:57:43+08:00
474,D,D,zanzibar,grant_direct_permission,2.598,1,true,false,2025-12-30T13:57:43+08:00
475,D,D,zanzibar,grant_direct_permission,3.188,1,true,false,2025-12-30T13:57:43+08:00
476,D,D,zanzibar,grant_direct_permission,1.918,1,true,false,2025-12-30T13:57:43+08:00
477,D,D,zanzibar,grant_direct_permission,2.208,1,true,false,2025-12-30T13:57:43+08:00
478,D,D,zanzibar,grant_direct_permission,1.784,1,true,false,2025-12-30T13:57:43+08:00
479,D,D,zanzibar,grant_direct_permission,2.107,1,true,false,2025-12-30T13:57:43+08:00
480,D,D,zanzibar,grant_direct_permission,2.068,1,true,false,2025-12-30T13:57:43+08:00
481,D,D,zanzibar,grant_direct_permission,2.677,1,true,false,2025-12-30T13:57:43+08:00
482,D,D,zanzibar,grant_direct_permission,2.177,1,true,false,2025-12-30T13:57:43+08:00
483,D,D,zanzibar,grant_direct_permission,2.197,1,true,false,2025-12-30T13:57:43+08:00
484,D,D,zanzibar,grant_direct_permission,1.812,1,true,false,2025-12-30T13:57:43+08:00
485,D,D,zanzibar,grant_direct_permission,3.077,1,true,false,2025-12-30T13:57:43+08:00
486,D,D,zanzibar,grant_direct_permission,2.145,1,true,false,2025-12-30T13:57:43+08:00
487,D,D,zanzibar,grant_direct_permission,1.935,1,true,false,2025-12-30T13:57:43+08:00
488,D,D,zanzibar,grant_direct_permission,1.885,1,true,false,2025-12-30T13:57:43+08:00
489,D,D,zanzibar,grant_direct_permission,2.362,1,true,false,2025-12-30T13:57:43+08:00
490,D,D,zanzibar,grant_direct_permission,2.649,1,true,false,2025-12-30T13:57:43+08:00
491,D,D,zanzibar,grant_direct_permission,1.973,1,true,false,2025-12-30T13:57:43+08:00
492,D,D,zanzibar,grant_direct_permission,1.963,1,true,false,2025-12-30T13:57:43+08:00
493,D,D,zanzibar,grant_direct_permission,2.313,1,true,false,2025-12-30T13:57:43+08:00
494,D,D,zanzibar,grant_direct_permission,2.746,1,true,false,2025-12-30T13:57:43+08:00
495,D,D,zanzibar,grant_direct_permission,2.364,1,true,false,2025-12-30T13:57:43+08:00
496,D,D,zanzibar,grant_direct_permission,2.652,1,true,false,2025-12-30T13:57:43+08:00
497,D,D,zanzibar,grant_direct_permission,2.122,1,true,false,2025-12-30T13:57:43+08:00
498,D,D,zanzibar,grant_direct_permission,2.177,1,true,false,2025-12-30T13:57:43+08:00
499,D,D,zanzibar,grant_direct_permission,1.830,1,true,false,2025-12-30T13:57:43+08:00
500,D,D,zanzibar,grant_direct_permission,1.800,1,true,false,2025-12-30T13:57:43+08:00
501,E,E,mysql,update_dept_manager,1061.670,0,true,false,2025-12-30T13:57:44+08:00
502,E,E,mysql,update_dept_manager,982.476,0,true,false,2025-12-30T13:57:45+08:00
503,E,E,mysql,update_dept_manager,727.047,0,true,false,2025-12-30T13:57:46+08:00
504,E,E,zanzibar,update_dept_manager,3.991,1,true,false,2025-12-30T13:57:46+08:00
505,E,E,zanzibar,update_dept_manager,4.139,1,true,false,2025-12-30T13:57:46+08:00
506,E,E,zanzibar,update_dept_manager,3.845,1,true,false,2025-12-30T13:57:46+08:00
507,E,E,zanzibar,update_dept_manager,4.129,1,true,false,2025-12-30T13:57:46+08:00
508,E,E,zanzibar,update_dept_manager,3.945,1,true,false,2025-12-30T13:57:46+08:00
509,E,E,zanzibar,update_dept_manager,4.057,1,true,false,2025-12-30T13:57:46+08:00
510,E,E,zanzibar,update_dept_manager,4.064,1,true,false,2025-12-30T13:57:46+08:00
511,E,E,zanzibar,update_dept_manager,3.843,1,true,false,2025-12-30T13:57:46+08:00
512,E,E,zanzibar,update_dept_manager,3.808,1,true,false,2025-12-30T13:57:46+08:00
513,E,E,zanzibar,update_dept_manager,3.207,1,true,false,2025-12-30T13:57:46+08:00
514,F,F,mysql,concurrent_permission_check,0.934,0,true,false,2025-12-30T13:57:46+08:00
515,F,F,zanzibar,concurrent_permission_check,720.670,0,true,false,2025-12-30T13:58:07+08:00
516,H,H,mysql,add_user_to_department,87.341,2,true,false,2025-12-30T13:58:07+08:00
517,H,H,mysql,add_user_to_department,3.038,2,true,false,2025-12-30T13:58:07+08:00
518,H,H,mysql,add_user_to_department,1.617,2,true,false,2025-12-30T13:58:07+08:00
519,H,H,zanzibar,add_user_to_department,4.030,2,true,false,2025-12-30T13:58:07+08:00
520,H,H,zanzibar,add_user_to_department,3.792,2,true,false,2025-12-30T13:58:07+08:00
521,H,H,zanzibar,add_user_to_department,4.154,2,true,false,2025-12-30T13:58:07+08:00
522,H,H,zanzibar,add_user_to_department,3.902,2,true,false,2025-12-30T13:58:07+08:00
523,H,H,zanzibar,add_user_to_department,4.107,2,true,false,2025-12-30T13:58:07+08:00
524,H,H,zanzibar,add_user_to_department,3.759,2,true,false,2025-12-30T13:58:07+08:00
525,H,H,zanzibar,add_user_to_department,4.096,2,true,false,2025-12-30T13:58:07+08:00
526,H,H,zanzibar,add_user_to_department,4.178,2,true,false,2025-12-30T13:58:07+08:00
527,H,H,zanzibar,add_user_to_department,3.762,2,true,false,2025-12-30T13:58:07+08:00
528,H,H,zanzibar,add_user_to_department,4.235,2,true,false,2025-12-30T13:58:07+08:00
529,I,I,mysql,replace_customer_follower_complete,2076.494,0,true,false,2025-12-30T13:58:09+08:00
530,I,I,mysql,replace_customer_follower_complete,1393.165,0,true,false,2025-12-30T13:58:12+08:00
531,I,I,mysql,replace_customer_follower_complete,1339.385,0,true,false,2025-12-30T13:58:15+08:00
532,I,I,zanzibar,replace_customer_follower_complete,4.692,2,true,false,2025-12-30T13:58:17+08:00
533,I,I,zanzibar,replace_customer_follower_complete,3.995,2,true,false,2025-12-30T13:58:17+08:00
534,I,I,zanzibar,replace_customer_follower_complete,3.976,2,true,false,2025-12-30T13:58:17+08:00
535,I,I,zanzibar,replace_customer_follower_complete,3.861,2,true,false,2025-12-30T13:58:17+08:00
536,I,I,zanzibar,replace_customer_follower_complete,3.032,2,true,false,2025-12-30T13:58:17+08:00
537,I,I,zanzibar,replace_customer_follower_complete,4.025,2,true,false,2025-12-30T13:58:17+08:00
538,I,I,zanzibar,replace_customer_follower_complete,3.949,2,true,false,2025-12-30T13:58:17+08:00
539,I,I,zanzibar,replace_customer_follower_complete,3.252,2,true,false,2025-12-30T13:58:17+08:00
540,I,I,zanzibar,replace_customer_follower_complete,4.239,2,true,false,2025-12-30T13:58:17+08:00
541,I,I,zanzibar,replace_customer_follower_complete,3.107,2,true,false,2025-12-30T13:58:17+08:00
542,J,J,mysql,add_document_complete,49039.496,0,true,false,2025-12-30T13:59:06+08:00
543,J,J,mysql,add_document_complete,48443.620,0,true,false,2025-12-30T13:59:54+08:00
544,J,J,mysql,add_document_complete,48338.471,0,true,false,2025-12-30T14:00:43+08:00
545,J,J,zanzibar,add_document_complete,3.465,1,true,false,2025-12-30T14:00:43+08:00
546,J,J,zanzibar,add_document_complete,2.657,1,true,false,2025-12-30T14:00:43+08:00
547,J,J,zanzibar,add_document_complete,1.988,1,true,false,2025-12-30T14:00:43+08:00
548,J,J,zanzibar,add_document_complete,1.991,1,true,false,2025-12-30T14:00:43+08:00
549,J,J,zanzibar,add_document_complete,1.943,1,true,false,2025-12-30T14:00:43+08:00
550,J,J,zanzibar,add_document_complete,2.149,1,true,false,2025-12-30T14:00:43+08:00
551,J,J,zanzibar,add_document_complete,1.959,1,true,false,2025-12-30T14:00:43+08:00
552,J,J,zanzibar,add_document_complete,2.052,1,true,false,2025-12-30T14:00:43+08:00
553,J,J,zanzibar,add_document_complete,1.943,1,true,false,2025-12-30T14:00:43+08:00
554,J,J,zanzibar,add_document_complete,2.022,1,true,false,2025-12-30T14:00:43+08:00
555,J,J,mysql,revoke_superuser_complete,157.052,0,true,false,2025-12-30T14:00:43+08:00
556,J,J,zanzibar,revoke_superuser_complete,21.383,1,true,false,2025-12-30T14:00:43+08:00
557,J,J,zanzibar,revoke_superuser_complete,2.014,1,true,false,2025-12-30T14:00:43+08:00
558,J,J,zanzibar,revoke_superuser_complete,2.219,1,true,false,2025-12-30T14:00:43+08:00
559,J,J,zanzibar,revoke_superuser_complete,1.898,1,true,false,2025-12-30T14:00:43+08:00
560,J,J,zanzibar,revoke_superuser_complete,1.825,1,true,false,2025-12-30T14:00:43+08:00
561,J,J,zanzibar,revoke_superuser_complete,2.198,1,true,false,2025-12-30T14:00:43+08:00
562,J,J,zanzibar,revoke_superuser_complete,2.058,1,true,false,2025-12-30T14:00:43+08:00
563,J,J,zanzibar,revoke_superuser_complete,1.871,1,true,false,2025-12-30T14:00:43+08:00
564,J,J,zanzibar,revoke_superuser_complete,2.174,1,true,false,2025-12-30T14:00:43+08:00
565,J,J,zanzibar,revoke_superuser_complete,2.010,1,true,false,2025-12-30T14:00:43+08:00
